,Municipio,Sexo,Edad desplegada,Población de 6 a 14 años,Sabe leer y escribir,No sabe leer y escribir,No especificado
43,Aconchi,Hombres,06 años,20.0,8,12,0
44,Aconchi,Hombres,07 años,23.0,18,5,0
45,Aconchi,Hombres,08 años,21.0,20,1,0
46,Aconchi,Hombres,09 años,18.0,17,1,0
47,Aconchi,Hombres,10 años,30.0,30,0,0
48,Aconchi,Hombres,11 años,20.0,20,0,0
49,Aconchi,Hombres,12 años,30.0,30,0,0
50,Aconchi,Hombres,13 años,16.0,15,0,1
51,Aconchi,Hombres,14 años,25.0,25,0,0
53,Aconchi,Mujeres,06 años,10.0,5,5,0
54,Aconchi,Mujeres,07 años,18.0,16,2,0
55,Aconchi,Mujeres,08 años,15.0,13,2,0
56,Aconchi,Mujeres,09 años,24.0,24,0,0
57,Aconchi,Mujeres,10 años,21.0,21,0,0
58,Aconchi,Mujeres,11 años,19.0,19,0,0
59,Aconchi,Mujeres,12 años,29.0,29,0,0
60,Aconchi,Mujeres,13 años,19.0,19,0,0
61,Aconchi,Mujeres,14 años,16.0,16,0,0
73,Agua Prieta,Hombres,06 años,842.0,314,527,1
74,Agua Prieta,Hombres,07 años,955.0,713,234,8
75,Agua Prieta,Hombres,08 años,867.0,773,85,9
76,Agua Prieta,Hombres,09 años,812.0,757,47,8
77,Agua Prieta,Hombres,10 años,906.0,874,22,10
78,Agua Prieta,Hombres,11 años,871.0,852,16,3
79,Agua Prieta,Hombres,12 años,971.0,962,7,2
80,Agua Prieta,Hombres,13 años,916.0,901,9,6
81,Agua Prieta,Hombres,14 años,912.0,910,2,0
83,Agua Prieta,Mujeres,06 años,870.0,366,500,4
84,Agua Prieta,Mujeres,07 años,930.0,729,201,0
85,Agua Prieta,Mujeres,08 años,818.0,741,68,9
86,Agua Prieta,Mujeres,09 años,807.0,775,26,6
87,Agua Prieta,Mujeres,10 años,860.0,837,15,8
88,Agua Prieta,Mujeres,11 años,814.0,807,2,5
89,Agua Prieta,Mujeres,12 años,896.0,889,4,3
90,Agua Prieta,Mujeres,13 años,908.0,900,1,7
91,Agua Prieta,Mujeres,14 años,868.0,866,0,2
103,Alamos,Hombres,06 años,226.0,87,139,0
104,Alamos,Hombres,07 años,233.0,169,62,2
105,Alamos,Hombres,08 años,233.0,204,22,7
106,Alamos,Hombres,09 años,238.0,232,5,1
107,Alamos,Hombres,10 años,235.0,232,3,0
108,Alamos,Hombres,11 años,208.0,208,0,0
109,Alamos,Hombres,12 años,264.0,260,4,0
110,Alamos,Hombres,13 años,237.0,230,6,1
111,Alamos,Hombres,14 años,232.0,231,1,0
113,Alamos,Mujeres,06 años,259.0,110,148,1
114,Alamos,Mujeres,07 años,175.0,139,36,0
115,Alamos,Mujeres,08 años,216.0,192,24,0
116,Alamos,Mujeres,09 años,193.0,185,6,2
117,Alamos,Mujeres,10 años,236.0,231,4,1
118,Alamos,Mujeres,11 años,216.0,211,4,1
119,Alamos,Mujeres,12 años,235.0,232,3,0
120,Alamos,Mujeres,13 años,210.0,210,0,0
121,Alamos,Mujeres,14 años,195.0,194,0,1
133,Altar,Hombres,06 años,91.0,41,50,0
134,Altar,Hombres,07 años,99.0,76,22,1
135,Altar,Hombres,08 años,94.0,81,13,0
136,Altar,Hombres,09 años,91.0,83,8,0
137,Altar,Hombres,10 años,85.0,85,0,0
138,Altar,Hombres,11 años,94.0,90,4,0
139,Altar,Hombres,12 años,118.0,117,1,0
140,Altar,Hombres,13 años,105.0,103,1,1
141,Altar,Hombres,14 años,95.0,95,0,0
143,Altar,Mujeres,06 años,107.0,46,61,0
144,Altar,Mujeres,07 años,102.0,80,22,0
145,Altar,Mujeres,08 años,84.0,77,6,1
146,Altar,Mujeres,09 años,96.0,93,3,0
147,Altar,Mujeres,10 años,104.0,103,1,0
148,Altar,Mujeres,11 años,98.0,98,0,0
149,Altar,Mujeres,12 años,87.0,85,2,0
150,Altar,Mujeres,13 años,106.0,105,1,0
151,Altar,Mujeres,14 años,89.0,89,0,0
163,Arivechi,Hombres,06 años,8.0,4,4,0
164,Arivechi,Hombres,07 años,5.0,5,0,0
165,Arivechi,Hombres,08 años,18.0,16,1,1
166,Arivechi,Hombres,09 años,6.0,6,0,0
167,Arivechi,Hombres,10 años,12.0,12,0,0
168,Arivechi,Hombres,11 años,12.0,12,0,0
169,Arivechi,Hombres,12 años,7.0,7,0,0
170,Arivechi,Hombres,13 años,15.0,15,0,0
171,Arivechi,Hombres,14 años,6.0,6,0,0
173,Arivechi,Mujeres,06 años,8.0,6,1,1
174,Arivechi,Mujeres,07 años,12.0,8,4,0
175,Arivechi,Mujeres,08 años,13.0,13,0,0
176,Arivechi,Mujeres,09 años,14.0,14,0,0
177,Arivechi,Mujeres,10 años,6.0,6,0,0
178,Arivechi,Mujeres,11 años,4.0,4,0,0
179,Arivechi,Mujeres,12 años,14.0,14,0,0
180,Arivechi,Mujeres,13 años,11.0,11,0,0
181,Arivechi,Mujeres,14 años,12.0,12,0,0
193,Arizpe,Hombres,06 años,18.0,1,17,0
194,Arizpe,Hombres,07 años,19.0,11,8,0
195,Arizpe,Hombres,08 años,20.0,18,2,0
196,Arizpe,Hombres,09 años,20.0,19,1,0
197,Arizpe,Hombres,10 años,32.0,32,0,0
198,Arizpe,Hombres,11 años,26.0,26,0,0
199,Arizpe,Hombres,12 años,23.0,23,0,0
200,Arizpe,Hombres,13 años,22.0,22,0,0
201,Arizpe,Hombres,14 años,24.0,24,0,0
203,Arizpe,Mujeres,06 años,25.0,7,17,1
204,Arizpe,Mujeres,07 años,18.0,15,3,0
205,Arizpe,Mujeres,08 años,23.0,20,3,0
206,Arizpe,Mujeres,09 años,24.0,24,0,0
207,Arizpe,Mujeres,10 años,18.0,17,0,1
208,Arizpe,Mujeres,11 años,23.0,23,0,0
209,Arizpe,Mujeres,12 años,28.0,28,0,0
210,Arizpe,Mujeres,13 años,23.0,23,0,0
211,Arizpe,Mujeres,14 años,23.0,23,0,0
223,Atil,Hombres,06 años,2.0,0,2,0
224,Atil,Hombres,07 años,2.0,2,0,0
225,Atil,Hombres,08 años,4.0,3,1,0
226,Atil,Hombres,09 años,5.0,5,0,0
227,Atil,Hombres,10 años,8.0,8,0,0
228,Atil,Hombres,11 años,5.0,5,0,0
229,Atil,Hombres,12 años,8.0,8,0,0
230,Atil,Hombres,13 años,4.0,3,0,1
231,Atil,Hombres,14 años,2.0,2,0,0
233,Atil,Mujeres,06 años,4.0,3,1,0
234,Atil,Mujeres,07 años,6.0,6,0,0
235,Atil,Mujeres,08 años,4.0,4,0,0
236,Atil,Mujeres,09 años,7.0,7,0,0
237,Atil,Mujeres,10 años,5.0,5,0,0
238,Atil,Mujeres,11 años,3.0,3,0,0
239,Atil,Mujeres,12 años,8.0,8,0,0
240,Atil,Mujeres,13 años,2.0,2,0,0
241,Atil,Mujeres,14 años,7.0,7,0,0
253,Bacadéhuachi,Hombres,06 años,4.0,2,2,0
254,Bacadéhuachi,Hombres,07 años,7.0,7,0,0
255,Bacadéhuachi,Hombres,08 años,12.0,11,1,0
256,Bacadéhuachi,Hombres,09 años,5.0,5,0,0
257,Bacadéhuachi,Hombres,10 años,8.0,8,0,0
258,Bacadéhuachi,Hombres,11 años,9.0,9,0,0
259,Bacadéhuachi,Hombres,12 años,15.0,15,0,0
260,Bacadéhuachi,Hombres,13 años,9.0,9,0,0
261,Bacadéhuachi,Hombres,14 años,10.0,10,0,0
263,Bacadéhuachi,Mujeres,06 años,6.0,2,4,0
264,Bacadéhuachi,Mujeres,07 años,7.0,7,0,0
265,Bacadéhuachi,Mujeres,08 años,7.0,7,0,0
266,Bacadéhuachi,Mujeres,09 años,4.0,4,0,0
267,Bacadéhuachi,Mujeres,10 años,4.0,4,0,0
268,Bacadéhuachi,Mujeres,11 años,7.0,7,0,0
269,Bacadéhuachi,Mujeres,12 años,10.0,10,0,0
270,Bacadéhuachi,Mujeres,13 años,5.0,5,0,0
271,Bacadéhuachi,Mujeres,14 años,5.0,5,0,0
283,Bacanora,Hombres,06 años,4.0,2,2,0
284,Bacanora,Hombres,07 años,7.0,6,1,0
285,Bacanora,Hombres,08 años,9.0,8,1,0
286,Bacanora,Hombres,09 años,5.0,4,1,0
287,Bacanora,Hombres,10 años,5.0,5,0,0
288,Bacanora,Hombres,11 años,8.0,8,0,0
289,Bacanora,Hombres,12 años,4.0,4,0,0
290,Bacanora,Hombres,13 años,7.0,7,0,0
291,Bacanora,Hombres,14 años,11.0,11,0,0
293,Bacanora,Mujeres,06 años,6.0,5,1,0
294,Bacanora,Mujeres,07 años,4.0,3,1,0
295,Bacanora,Mujeres,08 años,9.0,9,0,0
296,Bacanora,Mujeres,09 años,7.0,6,1,0
297,Bacanora,Mujeres,11 años,4.0,4,0,0
298,Bacanora,Mujeres,12 años,1.0,1,0,0
299,Bacanora,Mujeres,13 años,4.0,4,0,0
300,Bacanora,Mujeres,14 años,5.0,5,0,0
312,Bacerac,Hombres,06 años,11.0,4,7,0
313,Bacerac,Hombres,07 años,6.0,6,0,0
314,Bacerac,Hombres,08 años,9.0,9,0,0
315,Bacerac,Hombres,09 años,4.0,3,1,0
316,Bacerac,Hombres,10 años,3.0,2,0,1
317,Bacerac,Hombres,11 años,10.0,10,0,0
318,Bacerac,Hombres,12 años,12.0,12,0,0
319,Bacerac,Hombres,13 años,12.0,12,0,0
320,Bacerac,Hombres,14 años,18.0,18,0,0
322,Bacerac,Mujeres,06 años,10.0,6,4,0
323,Bacerac,Mujeres,07 años,8.0,7,1,0
324,Bacerac,Mujeres,08 años,11.0,11,0,0
325,Bacerac,Mujeres,09 años,13.0,13,0,0
326,Bacerac,Mujeres,10 años,15.0,15,0,0
327,Bacerac,Mujeres,11 años,7.0,7,0,0
328,Bacerac,Mujeres,12 años,12.0,12,0,0
329,Bacerac,Mujeres,13 años,9.0,9,0,0
330,Bacerac,Mujeres,14 años,14.0,14,0,0
342,Bacoachi,Hombres,06 años,10.0,3,7,0
343,Bacoachi,Hombres,07 años,13.0,11,2,0
344,Bacoachi,Hombres,08 años,15.0,11,4,0
345,Bacoachi,Hombres,09 años,11.0,11,0,0
346,Bacoachi,Hombres,10 años,11.0,11,0,0
347,Bacoachi,Hombres,11 años,13.0,13,0,0
348,Bacoachi,Hombres,12 años,7.0,7,0,0
349,Bacoachi,Hombres,13 años,21.0,21,0,0
350,Bacoachi,Hombres,14 años,15.0,15,0,0
352,Bacoachi,Mujeres,06 años,10.0,1,9,0
353,Bacoachi,Mujeres,07 años,6.0,4,2,0
354,Bacoachi,Mujeres,08 años,17.0,17,0,0
355,Bacoachi,Mujeres,09 años,13.0,13,0,0
356,Bacoachi,Mujeres,10 años,8.0,8,0,0
357,Bacoachi,Mujeres,11 años,8.0,7,1,0
358,Bacoachi,Mujeres,12 años,13.0,13,0,0
359,Bacoachi,Mujeres,13 años,3.0,3,0,0
360,Bacoachi,Mujeres,14 años,11.0,11,0,0
372,Bácum,Hombres,06 años,184.0,55,128,1
373,Bácum,Hombres,07 años,215.0,149,65,1
374,Bácum,Hombres,08 años,196.0,177,16,3
375,Bácum,Hombres,09 años,234.0,222,11,1
376,Bácum,Hombres,10 años,224.0,221,2,1
377,Bácum,Hombres,11 años,170.0,167,3,0
378,Bácum,Hombres,12 años,188.0,184,4,0
379,Bácum,Hombres,13 años,216.0,213,3,0
380,Bácum,Hombres,14 años,184.0,184,0,0
382,Bácum,Mujeres,06 años,183.0,71,112,0
383,Bácum,Mujeres,07 años,193.0,142,50,1
384,Bácum,Mujeres,08 años,197.0,184,13,0
385,Bácum,Mujeres,09 años,188.0,179,7,2
386,Bácum,Mujeres,10 años,209.0,208,1,0
387,Bácum,Mujeres,11 años,190.0,190,0,0
388,Bácum,Mujeres,12 años,188.0,188,0,0
389,Bácum,Mujeres,13 años,175.0,173,2,0
390,Bácum,Mujeres,14 años,193.0,193,0,0
402,Banámichi,Hombres,06 años,17.0,11,6,0
403,Banámichi,Hombres,07 años,15.0,12,3,0
404,Banámichi,Hombres,08 años,18.0,18,0,0
405,Banámichi,Hombres,09 años,14.0,14,0,0
406,Banámichi,Hombres,10 años,17.0,16,0,1
407,Banámichi,Hombres,11 años,9.0,9,0,0
408,Banámichi,Hombres,12 años,17.0,17,0,0
409,Banámichi,Hombres,13 años,16.0,16,0,0
410,Banámichi,Hombres,14 años,20.0,20,0,0
412,Banámichi,Mujeres,06 años,10.0,6,4,0
413,Banámichi,Mujeres,07 años,11.0,11,0,0
414,Banámichi,Mujeres,08 años,17.0,14,3,0
415,Banámichi,Mujeres,09 años,12.0,12,0,0
416,Banámichi,Mujeres,10 años,18.0,18,0,0
417,Banámichi,Mujeres,11 años,16.0,16,0,0
418,Banámichi,Mujeres,12 años,11.0,11,0,0
419,Banámichi,Mujeres,13 años,23.0,23,0,0
420,Banámichi,Mujeres,14 años,15.0,15,0,0
432,Baviácora,Hombres,06 años,24.0,10,14,0
433,Baviácora,Hombres,07 años,29.0,27,2,0
434,Baviácora,Hombres,08 años,20.0,19,1,0
435,Baviácora,Hombres,09 años,19.0,18,1,0
436,Baviácora,Hombres,10 años,21.0,21,0,0
437,Baviácora,Hombres,11 años,22.0,22,0,0
438,Baviácora,Hombres,12 años,15.0,15,0,0
439,Baviácora,Hombres,13 años,38.0,38,0,0
440,Baviácora,Hombres,14 años,45.0,45,0,0
442,Baviácora,Mujeres,06 años,25.0,12,13,0
443,Baviácora,Mujeres,07 años,26.0,20,5,1
444,Baviácora,Mujeres,08 años,20.0,19,1,0
445,Baviácora,Mujeres,09 años,22.0,21,1,0
446,Baviácora,Mujeres,10 años,30.0,30,0,0
447,Baviácora,Mujeres,11 años,23.0,23,0,0
448,Baviácora,Mujeres,12 años,34.0,34,0,0
449,Baviácora,Mujeres,13 años,31.0,31,0,0
450,Baviácora,Mujeres,14 años,26.0,26,0,0
462,Bavispe,Hombres,06 años,18.0,9,9,0
463,Bavispe,Hombres,07 años,7.0,5,2,0
464,Bavispe,Hombres,08 años,9.0,9,0,0
465,Bavispe,Hombres,09 años,10.0,10,0,0
466,Bavispe,Hombres,10 años,8.0,6,2,0
467,Bavispe,Hombres,11 años,7.0,7,0,0
468,Bavispe,Hombres,12 años,15.0,14,1,0
469,Bavispe,Hombres,13 años,8.0,8,0,0
470,Bavispe,Hombres,14 años,20.0,20,0,0
472,Bavispe,Mujeres,06 años,8.0,2,6,0
473,Bavispe,Mujeres,07 años,9.0,9,0,0
474,Bavispe,Mujeres,08 años,11.0,10,1,0
475,Bavispe,Mujeres,09 años,10.0,9,1,0
476,Bavispe,Mujeres,10 años,10.0,10,0,0
477,Bavispe,Mujeres,11 años,9.0,9,0,0
478,Bavispe,Mujeres,12 años,5.0,5,0,0
479,Bavispe,Mujeres,13 años,11.0,11,0,0
480,Bavispe,Mujeres,14 años,13.0,11,2,0
492,Benito Juárez,Hombres,06 años,172.0,56,115,1
493,Benito Juárez,Hombres,07 años,197.0,142,54,1
494,Benito Juárez,Hombres,08 años,177.0,154,22,1
495,Benito Juárez,Hombres,09 años,154.0,145,9,0
496,Benito Juárez,Hombres,10 años,195.0,188,7,0
497,Benito Juárez,Hombres,11 años,180.0,178,2,0
498,Benito Juárez,Hombres,12 años,200.0,199,1,0
499,Benito Juárez,Hombres,13 años,211.0,204,7,0
500,Benito Juárez,Hombres,14 años,192.0,192,0,0
502,Benito Juárez,Mujeres,06 años,199.0,66,133,0
503,Benito Juárez,Mujeres,07 años,183.0,139,44,0
504,Benito Juárez,Mujeres,08 años,195.0,171,23,1
505,Benito Juárez,Mujeres,09 años,200.0,185,13,2
506,Benito Juárez,Mujeres,10 años,189.0,186,3,0
507,Benito Juárez,Mujeres,11 años,177.0,177,0,0
508,Benito Juárez,Mujeres,12 años,190.0,186,4,0
509,Benito Juárez,Mujeres,13 años,195.0,193,1,1
510,Benito Juárez,Mujeres,14 años,196.0,196,0,0
522,Benjamín Hill,Hombres,06 años,35.0,9,26,0
523,Benjamín Hill,Hombres,07 años,49.0,37,11,1
524,Benjamín Hill,Hombres,08 años,54.0,50,4,0
525,Benjamín Hill,Hombres,09 años,49.0,46,3,0
526,Benjamín Hill,Hombres,10 años,52.0,51,1,0
527,Benjamín Hill,Hombres,11 años,41.0,41,0,0
528,Benjamín Hill,Hombres,12 años,42.0,42,0,0
529,Benjamín Hill,Hombres,13 años,48.0,48,0,0
530,Benjamín Hill,Hombres,14 años,39.0,39,0,0
532,Benjamín Hill,Mujeres,06 años,41.0,13,28,0
533,Benjamín Hill,Mujeres,07 años,41.0,33,7,1
534,Benjamín Hill,Mujeres,08 años,45.0,41,3,1
535,Benjamín Hill,Mujeres,09 años,36.0,32,3,1
536,Benjamín Hill,Mujeres,10 años,46.0,46,0,0
537,Benjamín Hill,Mujeres,11 años,45.0,44,0,1
538,Benjamín Hill,Mujeres,12 años,44.0,43,1,0
539,Benjamín Hill,Mujeres,13 años,49.0,48,1,0
540,Benjamín Hill,Mujeres,14 años,45.0,45,0,0
552,Caborca,Hombres,06 años,824.0,372,451,1
553,Caborca,Hombres,07 años,811.0,637,174,0
554,Caborca,Hombres,08 años,846.0,761,77,8
555,Caborca,Hombres,09 años,786.0,756,27,3
556,Caborca,Hombres,10 años,938.0,911,19,8
557,Caborca,Hombres,11 años,857.0,845,10,2
558,Caborca,Hombres,12 años,882.0,870,11,1
559,Caborca,Hombres,13 años,881.0,878,1,2
560,Caborca,Hombres,14 años,780.0,773,5,2
562,Caborca,Mujeres,06 años,756.0,348,406,2
563,Caborca,Mujeres,07 años,808.0,660,145,3
564,Caborca,Mujeres,08 años,860.0,804,53,3
565,Caborca,Mujeres,09 años,792.0,770,20,2
566,Caborca,Mujeres,10 años,871.0,859,8,4
567,Caborca,Mujeres,11 años,775.0,770,4,1
568,Caborca,Mujeres,12 años,876.0,864,7,5
569,Caborca,Mujeres,13 años,859.0,849,5,5
570,Caborca,Mujeres,14 años,791.0,789,0,2
582,Cajeme,Hombres,06 años,3286.0,1541,1735,10
583,Cajeme,Hombres,07 años,3408.0,2713,672,23
584,Cajeme,Hombres,08 años,3606.0,3310,274,22
585,Cajeme,Hombres,09 años,3416.0,3248,145,23
586,Cajeme,Hombres,10 años,3603.0,3521,64,18
587,Cajeme,Hombres,11 años,3527.0,3483,34,10
588,Cajeme,Hombres,12 años,3717.0,3687,22,8
589,Cajeme,Hombres,13 años,3677.0,3640,21,16
590,Cajeme,Hombres,14 años,3636.0,3613,17,6
592,Cajeme,Mujeres,06 años,3325.0,1668,1646,11
593,Cajeme,Mujeres,07 años,3334.0,2735,580,19
594,Cajeme,Mujeres,08 años,3428.0,3224,183,21
595,Cajeme,Mujeres,09 años,3258.0,3145,100,13
596,Cajeme,Mujeres,10 años,3658.0,3595,47,16
597,Cajeme,Mujeres,11 años,3426.0,3397,22,7
598,Cajeme,Mujeres,12 años,3617.0,3589,21,7
599,Cajeme,Mujeres,13 años,3584.0,3553,18,13
600,Cajeme,Mujeres,14 años,3414.0,3402,9,3
612,Cananea,Hombres,06 años,362.0,135,227,0
613,Cananea,Hombres,07 años,356.0,278,76,2
614,Cananea,Hombres,08 años,389.0,359,28,2
615,Cananea,Hombres,09 años,347.0,341,4,2
616,Cananea,Hombres,10 años,386.0,377,7,2
617,Cananea,Hombres,11 años,340.0,336,2,2
618,Cananea,Hombres,12 años,411.0,409,2,0
619,Cananea,Hombres,13 años,364.0,360,3,1
620,Cananea,Hombres,14 años,372.0,371,0,1
622,Cananea,Mujeres,06 años,393.0,156,237,0
623,Cananea,Mujeres,07 años,363.0,275,85,3
624,Cananea,Mujeres,08 años,413.0,387,21,5
625,Cananea,Mujeres,09 años,336.0,327,7,2
626,Cananea,Mujeres,10 años,339.0,337,2,0
627,Cananea,Mujeres,11 años,362.0,360,2,0
628,Cananea,Mujeres,12 años,357.0,357,0,0
629,Cananea,Mujeres,13 años,373.0,373,0,0
630,Cananea,Mujeres,14 años,370.0,370,0,0
642,Carbó,Hombres,06 años,47.0,15,32,0
643,Carbó,Hombres,07 años,63.0,42,20,1
644,Carbó,Hombres,08 años,49.0,42,7,0
645,Carbó,Hombres,09 años,37.0,33,4,0
646,Carbó,Hombres,10 años,42.0,42,0,0
647,Carbó,Hombres,11 años,44.0,44,0,0
648,Carbó,Hombres,12 años,54.0,53,1,0
649,Carbó,Hombres,13 años,43.0,42,1,0
650,Carbó,Hombres,14 años,48.0,48,0,0
652,Carbó,Mujeres,06 años,43.0,14,29,0
653,Carbó,Mujeres,07 años,34.0,25,9,0
654,Carbó,Mujeres,08 años,50.0,39,11,0
655,Carbó,Mujeres,09 años,62.0,61,1,0
656,Carbó,Mujeres,10 años,51.0,50,1,0
657,Carbó,Mujeres,11 años,47.0,47,0,0
658,Carbó,Mujeres,12 años,41.0,41,0,0
659,Carbó,Mujeres,13 años,51.0,51,0,0
660,Carbó,Mujeres,14 años,49.0,49,0,0
672,Cucurpe,Hombres,06 años,8.0,3,5,0
673,Cucurpe,Hombres,07 años,5.0,5,0,0
674,Cucurpe,Hombres,08 años,5.0,5,0,0
675,Cucurpe,Hombres,09 años,4.0,4,0,0
676,Cucurpe,Hombres,10 años,4.0,4,0,0
677,Cucurpe,Hombres,11 años,6.0,6,0,0
678,Cucurpe,Hombres,12 años,16.0,16,0,0
679,Cucurpe,Hombres,13 años,8.0,8,0,0
680,Cucurpe,Hombres,14 años,17.0,17,0,0
682,Cucurpe,Mujeres,06 años,9.0,5,4,0
683,Cucurpe,Mujeres,07 años,4.0,3,1,0
684,Cucurpe,Mujeres,08 años,5.0,5,0,0
685,Cucurpe,Mujeres,09 años,6.0,6,0,0
686,Cucurpe,Mujeres,10 años,8.0,8,0,0
687,Cucurpe,Mujeres,11 años,6.0,6,0,0
688,Cucurpe,Mujeres,12 años,6.0,6,0,0
689,Cucurpe,Mujeres,13 años,11.0,11,0,0
690,Cucurpe,Mujeres,14 años,4.0,4,0,0
702,Cumpas,Hombres,06 años,46.0,26,20,0
703,Cumpas,Hombres,07 años,49.0,44,5,0
704,Cumpas,Hombres,08 años,47.0,45,2,0
705,Cumpas,Hombres,09 años,40.0,38,2,0
706,Cumpas,Hombres,10 años,70.0,69,0,1
707,Cumpas,Hombres,11 años,51.0,51,0,0
708,Cumpas,Hombres,12 años,56.0,56,0,0
709,Cumpas,Hombres,13 años,58.0,58,0,0
710,Cumpas,Hombres,14 años,47.0,47,0,0
712,Cumpas,Mujeres,06 años,51.0,32,19,0
713,Cumpas,Mujeres,07 años,39.0,35,4,0
714,Cumpas,Mujeres,08 años,42.0,41,1,0
715,Cumpas,Mujeres,09 años,37.0,35,2,0
716,Cumpas,Mujeres,10 años,52.0,52,0,0
717,Cumpas,Mujeres,11 años,42.0,42,0,0
718,Cumpas,Mujeres,12 años,48.0,47,0,1
719,Cumpas,Mujeres,13 años,43.0,41,0,2
720,Cumpas,Mujeres,14 años,57.0,56,0,1
732,Divisaderos,Hombres,06 años,7.0,5,2,0
733,Divisaderos,Hombres,07 años,9.0,8,1,0
734,Divisaderos,Hombres,08 años,6.0,6,0,0
735,Divisaderos,Hombres,09 años,8.0,8,0,0
736,Divisaderos,Hombres,10 años,5.0,4,1,0
737,Divisaderos,Hombres,11 años,9.0,9,0,0
738,Divisaderos,Hombres,12 años,10.0,10,0,0
739,Divisaderos,Hombres,13 años,5.0,5,0,0
740,Divisaderos,Hombres,14 años,7.0,7,0,0
742,Divisaderos,Mujeres,06 años,6.0,2,4,0
743,Divisaderos,Mujeres,07 años,9.0,9,0,0
744,Divisaderos,Mujeres,08 años,3.0,3,0,0
745,Divisaderos,Mujeres,09 años,5.0,5,0,0
746,Divisaderos,Mujeres,10 años,7.0,7,0,0
747,Divisaderos,Mujeres,11 años,13.0,13,0,0
748,Divisaderos,Mujeres,12 años,5.0,5,0,0
749,Divisaderos,Mujeres,13 años,2.0,2,0,0
750,Divisaderos,Mujeres,14 años,7.0,7,0,0
762,Empalme,Hombres,06 años,445.0,169,274,2
763,Empalme,Hombres,07 años,418.0,322,96,0
764,Empalme,Hombres,08 años,472.0,421,47,4
765,Empalme,Hombres,09 años,432.0,410,20,2
766,Empalme,Hombres,10 años,444.0,431,10,3
767,Empalme,Hombres,11 años,383.0,379,4,0
768,Empalme,Hombres,12 años,492.0,486,6,0
769,Empalme,Hombres,13 años,419.0,410,2,7
770,Empalme,Hombres,14 años,426.0,421,5,0
772,Empalme,Mujeres,06 años,392.0,171,220,1
773,Empalme,Mujeres,07 años,423.0,322,96,5
774,Empalme,Mujeres,08 años,421.0,387,33,1
775,Empalme,Mujeres,09 años,414.0,396,15,3
776,Empalme,Mujeres,10 años,427.0,422,4,1
777,Empalme,Mujeres,11 años,433.0,431,1,1
778,Empalme,Mujeres,12 años,456.0,451,4,1
779,Empalme,Mujeres,13 años,421.0,417,3,1
780,Empalme,Mujeres,14 años,442.0,441,1,0
792,Etchojoa,Hombres,06 años,490.0,126,364,0
793,Etchojoa,Hombres,07 años,447.0,291,155,1
794,Etchojoa,Hombres,08 años,542.0,440,95,7
795,Etchojoa,Hombres,09 años,533.0,493,40,0
796,Etchojoa,Hombres,10 años,527.0,512,12,3
797,Etchojoa,Hombres,11 años,564.0,560,4,0
798,Etchojoa,Hombres,12 años,586.0,582,3,1
799,Etchojoa,Hombres,13 años,594.0,589,5,0
800,Etchojoa,Hombres,14 años,633.0,626,6,1
802,Etchojoa,Mujeres,06 años,524.0,144,378,2
803,Etchojoa,Mujeres,07 años,502.0,323,178,1
804,Etchojoa,Mujeres,08 años,460.0,417,42,1
805,Etchojoa,Mujeres,09 años,479.0,459,18,2
806,Etchojoa,Mujeres,10 años,471.0,464,6,1
807,Etchojoa,Mujeres,11 años,566.0,561,4,1
808,Etchojoa,Mujeres,12 años,527.0,526,1,0
809,Etchojoa,Mujeres,13 años,577.0,569,6,2
810,Etchojoa,Mujeres,14 años,542.0,540,2,0
822,Fronteras,Hombres,06 años,94.0,50,44,0
823,Fronteras,Hombres,07 años,98.0,87,11,0
824,Fronteras,Hombres,08 años,97.0,92,5,0
825,Fronteras,Hombres,09 años,82.0,79,3,0
826,Fronteras,Hombres,10 años,104.0,103,1,0
827,Fronteras,Hombres,11 años,96.0,96,0,0
828,Fronteras,Hombres,12 años,109.0,108,1,0
829,Fronteras,Hombres,13 años,92.0,92,0,0
830,Fronteras,Hombres,14 años,75.0,75,0,0
832,Fronteras,Mujeres,06 años,100.0,53,46,1
833,Fronteras,Mujeres,07 años,88.0,83,4,1
834,Fronteras,Mujeres,08 años,95.0,94,1,0
835,Fronteras,Mujeres,09 años,95.0,90,3,2
836,Fronteras,Mujeres,10 años,118.0,118,0,0
837,Fronteras,Mujeres,11 años,88.0,88,0,0
838,Fronteras,Mujeres,12 años,109.0,109,0,0
839,Fronteras,Mujeres,13 años,89.0,89,0,0
840,Fronteras,Mujeres,14 años,93.0,92,1,0
852,General Plutarco Elías Calles,Hombres,06 años,157.0,49,107,1
853,General Plutarco Elías Calles,Hombres,07 años,139.0,101,38,0
854,General Plutarco Elías Calles,Hombres,08 años,176.0,148,27,1
855,General Plutarco Elías Calles,Hombres,09 años,136.0,123,11,2
856,General Plutarco Elías Calles,Hombres,10 años,135.0,134,1,0
857,General Plutarco Elías Calles,Hombres,11 años,140.0,137,3,0
858,General Plutarco Elías Calles,Hombres,12 años,137.0,137,0,0
859,General Plutarco Elías Calles,Hombres,13 años,156.0,155,0,1
860,General Plutarco Elías Calles,Hombres,14 años,136.0,136,0,0
862,General Plutarco Elías Calles,Mujeres,06 años,148.0,53,94,1
863,General Plutarco Elías Calles,Mujeres,07 años,159.0,115,44,0
864,General Plutarco Elías Calles,Mujeres,08 años,156.0,134,21,1
865,General Plutarco Elías Calles,Mujeres,09 años,148.0,145,3,0
866,General Plutarco Elías Calles,Mujeres,10 años,166.0,162,3,1
867,General Plutarco Elías Calles,Mujeres,11 años,141.0,140,1,0
868,General Plutarco Elías Calles,Mujeres,12 años,135.0,135,0,0
869,General Plutarco Elías Calles,Mujeres,13 años,162.0,159,2,1
870,General Plutarco Elías Calles,Mujeres,14 años,139.0,138,1,0
882,Granados,Hombres,06 años,5.0,1,4,0
883,Granados,Hombres,07 años,10.0,8,2,0
884,Granados,Hombres,08 años,10.0,8,2,0
885,Granados,Hombres,09 años,6.0,6,0,0
886,Granados,Hombres,10 años,14.0,14,0,0
887,Granados,Hombres,11 años,8.0,7,1,0
888,Granados,Hombres,12 años,8.0,8,0,0
889,Granados,Hombres,13 años,12.0,12,0,0
890,Granados,Hombres,14 años,8.0,8,0,0
892,Granados,Mujeres,06 años,7.0,3,4,0
893,Granados,Mujeres,07 años,8.0,6,2,0
894,Granados,Mujeres,08 años,6.0,6,0,0
895,Granados,Mujeres,09 años,11.0,10,0,1
896,Granados,Mujeres,10 años,11.0,11,0,0
897,Granados,Mujeres,11 años,4.0,4,0,0
898,Granados,Mujeres,12 años,8.0,8,0,0
899,Granados,Mujeres,13 años,13.0,13,0,0
900,Granados,Mujeres,14 años,3.0,3,0,0
912,Guaymas,Hombres,06 años,1374.0,519,853,2
913,Guaymas,Hombres,07 años,1295.0,917,369,9
914,Guaymas,Hombres,08 años,1421.0,1246,165,10
915,Guaymas,Hombres,09 años,1293.0,1211,71,11
916,Guaymas,Hombres,10 años,1403.0,1360,38,5
917,Guaymas,Hombres,11 años,1278.0,1257,18,3
918,Guaymas,Hombres,12 años,1465.0,1449,14,2
919,Guaymas,Hombres,13 años,1283.0,1263,13,7
920,Guaymas,Hombres,14 años,1271.0,1257,14,0
922,Guaymas,Mujeres,06 años,1308.0,525,773,10
923,Guaymas,Mujeres,07 años,1273.0,941,324,8
924,Guaymas,Mujeres,08 años,1330.0,1190,129,11
925,Guaymas,Mujeres,09 años,1309.0,1242,57,10
926,Guaymas,Mujeres,10 años,1300.0,1276,15,9
927,Guaymas,Mujeres,11 años,1254.0,1235,15,4
928,Guaymas,Mujeres,12 años,1295.0,1284,10,1
929,Guaymas,Mujeres,13 años,1211.0,1203,3,5
930,Guaymas,Mujeres,14 años,1342.0,1335,4,3
942,Hermosillo,Hombres,06 años,7674.0,3373,4258,43
943,Hermosillo,Hombres,07 años,7860.0,6172,1633,55
944,Hermosillo,Hombres,08 años,8043.0,7262,724,57
945,Hermosillo,Hombres,09 años,7751.0,7368,313,70
946,Hermosillo,Hombres,10 años,8483.0,8276,152,55
947,Hermosillo,Hombres,11 años,7768.0,7676,78,14
948,Hermosillo,Hombres,12 años,8541.0,8462,57,22
949,Hermosillo,Hombres,13 años,8063.0,7974,46,43
950,Hermosillo,Hombres,14 años,7968.0,7916,42,10
952,Hermosillo,Mujeres,06 años,7499.0,3500,3958,41
953,Hermosillo,Mujeres,07 años,7578.0,6200,1336,42
954,Hermosillo,Mujeres,08 años,7693.0,7134,500,59
955,Hermosillo,Mujeres,09 años,7513.0,7190,260,63
956,Hermosillo,Mujeres,10 años,7992.0,7831,103,58
957,Hermosillo,Mujeres,11 años,7466.0,7410,48,8
958,Hermosillo,Mujeres,12 años,8109.0,8053,37,19
959,Hermosillo,Mujeres,13 años,7647.0,7577,22,48
960,Hermosillo,Mujeres,14 años,7465.0,7426,28,11
972,Huachinera,Hombres,06 años,8.0,2,6,0
973,Huachinera,Hombres,07 años,7.0,5,2,0
974,Huachinera,Hombres,08 años,13.0,12,1,0
975,Huachinera,Hombres,09 años,5.0,5,0,0
976,Huachinera,Hombres,10 años,7.0,7,0,0
977,Huachinera,Hombres,11 años,13.0,13,0,0
978,Huachinera,Hombres,12 años,10.0,10,0,0
979,Huachinera,Hombres,13 años,16.0,15,1,0
980,Huachinera,Hombres,14 años,7.0,7,0,0
982,Huachinera,Mujeres,06 años,3.0,2,1,0
983,Huachinera,Mujeres,07 años,7.0,6,1,0
984,Huachinera,Mujeres,08 años,12.0,11,1,0
985,Huachinera,Mujeres,09 años,8.0,8,0,0
986,Huachinera,Mujeres,10 años,5.0,5,0,0
987,Huachinera,Mujeres,11 años,11.0,11,0,0
988,Huachinera,Mujeres,12 años,11.0,11,0,0
989,Huachinera,Mujeres,13 años,11.0,11,0,0
990,Huachinera,Mujeres,14 años,8.0,8,0,0
1002,Huásabas,Hombres,06 años,2.0,0,2,0
1003,Huásabas,Hombres,07 años,9.0,6,3,0
1004,Huásabas,Hombres,08 años,7.0,6,1,0
1005,Huásabas,Hombres,09 años,4.0,4,0,0
1006,Huásabas,Hombres,10 años,8.0,8,0,0
1007,Huásabas,Hombres,11 años,5.0,5,0,0
1008,Huásabas,Hombres,12 años,4.0,4,0,0
1009,Huásabas,Hombres,13 años,15.0,15,0,0
1010,Huásabas,Hombres,14 años,6.0,6,0,0
1012,Huásabas,Mujeres,06 años,6.0,5,1,0
1013,Huásabas,Mujeres,07 años,3.0,2,1,0
1014,Huásabas,Mujeres,08 años,2.0,2,0,0
1015,Huásabas,Mujeres,09 años,6.0,6,0,0
1016,Huásabas,Mujeres,10 años,4.0,4,0,0
1017,Huásabas,Mujeres,11 años,8.0,8,0,0
1018,Huásabas,Mujeres,12 años,9.0,9,0,0
1019,Huásabas,Mujeres,13 años,10.0,10,0,0
1020,Huásabas,Mujeres,14 años,9.0,9,0,0
1032,Huatabampo,Hombres,06 años,544.0,208,333,3
1033,Huatabampo,Hombres,07 años,641.0,463,174,4
1034,Huatabampo,Hombres,08 años,641.0,589,49,3
1035,Huatabampo,Hombres,09 años,611.0,583,26,2
1036,Huatabampo,Hombres,10 años,617.0,603,11,3
1037,Huatabampo,Hombres,11 años,612.0,604,6,2
1038,Huatabampo,Hombres,12 años,653.0,647,6,0
1039,Huatabampo,Hombres,13 años,691.0,686,3,2
1040,Huatabampo,Hombres,14 años,678.0,678,0,0
1042,Huatabampo,Mujeres,06 años,539.0,226,313,0
1043,Huatabampo,Mujeres,07 años,517.0,401,115,1
1044,Huatabampo,Mujeres,08 años,590.0,555,34,1
1045,Huatabampo,Mujeres,09 años,602.0,594,7,1
1046,Huatabampo,Mujeres,10 años,639.0,630,6,3
1047,Huatabampo,Mujeres,11 años,608.0,606,2,0
1048,Huatabampo,Mujeres,12 años,653.0,651,1,1
1049,Huatabampo,Mujeres,13 años,652.0,648,1,3
1050,Huatabampo,Mujeres,14 años,677.0,674,3,0
1062,Huépac,Hombres,06 años,5.0,3,2,0
1063,Huépac,Hombres,07 años,4.0,4,0,0
1064,Huépac,Hombres,08 años,7.0,7,0,0
1065,Huépac,Hombres,09 años,4.0,4,0,0
1066,Huépac,Hombres,10 años,13.0,13,0,0
1067,Huépac,Hombres,11 años,8.0,8,0,0
1068,Huépac,Hombres,12 años,6.0,6,0,0
1069,Huépac,Hombres,13 años,4.0,4,0,0
1070,Huépac,Hombres,14 años,11.0,11,0,0
1072,Huépac,Mujeres,06 años,3.0,2,1,0
1073,Huépac,Mujeres,07 años,4.0,4,0,0
1074,Huépac,Mujeres,08 años,7.0,7,0,0
1075,Huépac,Mujeres,09 años,4.0,4,0,0
1076,Huépac,Mujeres,10 años,7.0,7,0,0
1077,Huépac,Mujeres,11 años,11.0,11,0,0
1078,Huépac,Mujeres,12 años,10.0,10,0,0
1079,Huépac,Mujeres,13 años,10.0,10,0,0
1080,Huépac,Mujeres,14 años,7.0,7,0,0
1092,Imuris,Hombres,06 años,104.0,30,74,0
1093,Imuris,Hombres,07 años,105.0,75,30,0
1094,Imuris,Hombres,08 años,136.0,117,18,1
1095,Imuris,Hombres,09 años,113.0,106,7,0
1096,Imuris,Hombres,10 años,135.0,134,1,0
1097,Imuris,Hombres,11 años,104.0,104,0,0
1098,Imuris,Hombres,12 años,141.0,138,3,0
1099,Imuris,Hombres,13 años,136.0,136,0,0
1100,Imuris,Hombres,14 años,122.0,122,0,0
1102,Imuris,Mujeres,06 años,107.0,37,69,1
1103,Imuris,Mujeres,07 años,98.0,75,23,0
1104,Imuris,Mujeres,08 años,126.0,109,17,0
1105,Imuris,Mujeres,09 años,115.0,112,3,0
1106,Imuris,Mujeres,10 años,114.0,110,1,3
1107,Imuris,Mujeres,11 años,89.0,89,0,0
1108,Imuris,Mujeres,12 años,125.0,125,0,0
1109,Imuris,Mujeres,13 años,116.0,114,1,1
1110,Imuris,Mujeres,14 años,122.0,121,1,0
1122,La Colorada,Hombres,06 años,13.0,1,11,1
1123,La Colorada,Hombres,07 años,6.0,5,1,0
1124,La Colorada,Hombres,08 años,12.0,11,1,0
1125,La Colorada,Hombres,09 años,15.0,13,2,0
1126,La Colorada,Hombres,10 años,19.0,19,0,0
1127,La Colorada,Hombres,11 años,15.0,14,0,1
1128,La Colorada,Hombres,12 años,11.0,11,0,0
1129,La Colorada,Hombres,13 años,18.0,18,0,0
1130,La Colorada,Hombres,14 años,7.0,7,0,0
1132,La Colorada,Mujeres,06 años,15.0,5,9,1
1133,La Colorada,Mujeres,07 años,17.0,15,2,0
1134,La Colorada,Mujeres,08 años,9.0,9,0,0
1135,La Colorada,Mujeres,09 años,19.0,17,2,0
1136,La Colorada,Mujeres,10 años,13.0,13,0,0
1137,La Colorada,Mujeres,11 años,17.0,17,0,0
1138,La Colorada,Mujeres,12 años,14.0,14,0,0
1139,La Colorada,Mujeres,13 años,11.0,10,1,0
1140,La Colorada,Mujeres,14 años,16.0,16,0,0
1152,Magdalena,Hombres,06 años,312.0,134,176,2
1153,Magdalena,Hombres,07 años,318.0,214,100,4
1154,Magdalena,Hombres,08 años,302.0,273,27,2
1155,Magdalena,Hombres,09 años,292.0,279,12,1
1156,Magdalena,Hombres,10 años,331.0,326,4,1
1157,Magdalena,Hombres,11 años,294.0,288,6,0
1158,Magdalena,Hombres,12 años,333.0,331,0,2
1159,Magdalena,Hombres,13 años,310.0,310,0,0
1160,Magdalena,Hombres,14 años,304.0,303,0,1
1162,Magdalena,Mujeres,06 años,296.0,132,163,1
1163,Magdalena,Mujeres,07 años,284.0,229,53,2
1164,Magdalena,Mujeres,08 años,314.0,286,27,1
1165,Magdalena,Mujeres,09 años,277.0,270,6,1
1166,Magdalena,Mujeres,10 años,307.0,301,3,3
1167,Magdalena,Mujeres,11 años,277.0,276,0,1
1168,Magdalena,Mujeres,12 años,318.0,316,2,0
1169,Magdalena,Mujeres,13 años,300.0,299,1,0
1170,Magdalena,Mujeres,14 años,313.0,313,0,0
1182,Mazatán,Hombres,06 años,8.0,2,6,0
1183,Mazatán,Hombres,07 años,12.0,10,2,0
1184,Mazatán,Hombres,08 años,4.0,4,0,0
1185,Mazatán,Hombres,09 años,4.0,4,0,0
1186,Mazatán,Hombres,10 años,2.0,2,0,0
1187,Mazatán,Hombres,11 años,9.0,9,0,0
1188,Mazatán,Hombres,12 años,8.0,8,0,0
1189,Mazatán,Hombres,13 años,6.0,6,0,0
1190,Mazatán,Hombres,14 años,7.0,7,0,0
1192,Mazatán,Mujeres,06 años,8.0,5,3,0
1193,Mazatán,Mujeres,07 años,9.0,9,0,0
1194,Mazatán,Mujeres,08 años,2.0,2,0,0
1195,Mazatán,Mujeres,09 años,6.0,6,0,0
1196,Mazatán,Mujeres,10 años,9.0,9,0,0
1197,Mazatán,Mujeres,11 años,12.0,12,0,0
1198,Mazatán,Mujeres,12 años,4.0,4,0,0
1199,Mazatán,Mujeres,13 años,6.0,6,0,0
1200,Mazatán,Mujeres,14 años,13.0,13,0,0
1212,Moctezuma,Hombres,06 años,33.0,4,29,0
1213,Moctezuma,Hombres,07 años,34.0,28,6,0
1214,Moctezuma,Hombres,08 años,45.0,41,4,0
1215,Moctezuma,Hombres,09 años,42.0,42,0,0
1216,Moctezuma,Hombres,10 años,40.0,40,0,0
1217,Moctezuma,Hombres,11 años,41.0,40,0,1
1218,Moctezuma,Hombres,12 años,40.0,40,0,0
1219,Moctezuma,Hombres,13 años,38.0,38,0,0
1220,Moctezuma,Hombres,14 años,40.0,39,1,0
1222,Moctezuma,Mujeres,06 años,41.0,24,16,1
1223,Moctezuma,Mujeres,07 años,40.0,33,7,0
1224,Moctezuma,Mujeres,08 años,44.0,43,1,0
1225,Moctezuma,Mujeres,09 años,35.0,35,0,0
1226,Moctezuma,Mujeres,10 años,37.0,37,0,0
1227,Moctezuma,Mujeres,11 años,45.0,45,0,0
1228,Moctezuma,Mujeres,12 años,52.0,52,0,0
1229,Moctezuma,Mujeres,13 años,33.0,33,0,0
1230,Moctezuma,Mujeres,14 años,40.0,40,0,0
1242,Naco,Hombres,06 años,61.0,22,39,0
1243,Naco,Hombres,07 años,53.0,29,23,1
1244,Naco,Hombres,08 años,58.0,43,15,0
1245,Naco,Hombres,09 años,57.0,53,4,0
1246,Naco,Hombres,10 años,59.0,57,2,0
1247,Naco,Hombres,11 años,65.0,64,1,0
1248,Naco,Hombres,12 años,70.0,70,0,0
1249,Naco,Hombres,13 años,59.0,59,0,0
1250,Naco,Hombres,14 años,61.0,61,0,0
1252,Naco,Mujeres,06 años,51.0,24,26,1
1253,Naco,Mujeres,07 años,64.0,46,18,0
1254,Naco,Mujeres,08 años,64.0,56,8,0
1255,Naco,Mujeres,09 años,64.0,62,1,1
1256,Naco,Mujeres,10 años,57.0,56,0,1
1257,Naco,Mujeres,11 años,63.0,63,0,0
1258,Naco,Mujeres,12 años,68.0,67,1,0
1259,Naco,Mujeres,13 años,61.0,57,0,4
1260,Naco,Mujeres,14 años,53.0,53,0,0
1272,Nácori Chico,Hombres,06 años,13.0,3,10,0
1273,Nácori Chico,Hombres,07 años,12.0,10,2,0
1274,Nácori Chico,Hombres,08 años,13.0,13,0,0
1275,Nácori Chico,Hombres,09 años,13.0,13,0,0
1276,Nácori Chico,Hombres,10 años,9.0,9,0,0
1277,Nácori Chico,Hombres,11 años,10.0,10,0,0
1278,Nácori Chico,Hombres,12 años,15.0,15,0,0
1279,Nácori Chico,Hombres,13 años,16.0,16,0,0
1280,Nácori Chico,Hombres,14 años,15.0,15,0,0
1282,Nácori Chico,Mujeres,06 años,7.0,4,3,0
1283,Nácori Chico,Mujeres,07 años,13.0,11,2,0
1284,Nácori Chico,Mujeres,08 años,8.0,8,0,0
1285,Nácori Chico,Mujeres,09 años,16.0,16,0,0
1286,Nácori Chico,Mujeres,10 años,14.0,14,0,0
1287,Nácori Chico,Mujeres,11 años,6.0,6,0,0
1288,Nácori Chico,Mujeres,12 años,13.0,13,0,0
1289,Nácori Chico,Mujeres,13 años,10.0,10,0,0
1290,Nácori Chico,Mujeres,14 años,19.0,19,0,0
1302,Nacozari de García,Hombres,06 años,137.0,92,45,0
1303,Nacozari de García,Hombres,07 años,136.0,111,25,0
1304,Nacozari de García,Hombres,08 años,143.0,127,15,1
1305,Nacozari de García,Hombres,09 años,116.0,109,7,0
1306,Nacozari de García,Hombres,10 años,153.0,151,1,1
1307,Nacozari de García,Hombres,11 años,118.0,118,0,0
1308,Nacozari de García,Hombres,12 años,154.0,154,0,0
1309,Nacozari de García,Hombres,13 años,148.0,146,0,2
1310,Nacozari de García,Hombres,14 años,134.0,133,0,1
1312,Nacozari de García,Mujeres,06 años,125.0,64,61,0
1313,Nacozari de García,Mujeres,07 años,141.0,133,8,0
1314,Nacozari de García,Mujeres,08 años,170.0,158,10,2
1315,Nacozari de García,Mujeres,09 años,137.0,132,4,1
1316,Nacozari de García,Mujeres,10 años,154.0,146,8,0
1317,Nacozari de García,Mujeres,11 años,139.0,136,2,1
1318,Nacozari de García,Mujeres,12 años,164.0,164,0,0
1319,Nacozari de García,Mujeres,13 años,135.0,135,0,0
1320,Nacozari de García,Mujeres,14 años,137.0,137,0,0
1332,Navojoa,Hombres,06 años,1256.0,493,759,4
1333,Navojoa,Hombres,07 años,1307.0,985,315,7
1334,Navojoa,Hombres,08 años,1354.0,1203,139,12
1335,Navojoa,Hombres,09 años,1328.0,1268,52,8
1336,Navojoa,Hombres,10 años,1358.0,1323,32,3
1337,Navojoa,Hombres,11 años,1364.0,1344,17,3
1338,Navojoa,Hombres,12 años,1529.0,1518,9,2
1339,Navojoa,Hombres,13 años,1491.0,1479,3,9
1340,Navojoa,Hombres,14 años,1438.0,1428,7,3
1342,Navojoa,Mujeres,06 años,1199.0,462,734,3
1343,Navojoa,Mujeres,07 años,1268.0,1011,250,7
1344,Navojoa,Mujeres,08 años,1246.0,1165,74,7
1345,Navojoa,Mujeres,09 años,1330.0,1285,41,4
1346,Navojoa,Mujeres,10 años,1343.0,1317,13,13
1347,Navojoa,Mujeres,11 años,1342.0,1332,9,1
1348,Navojoa,Mujeres,12 años,1420.0,1413,5,2
1349,Navojoa,Mujeres,13 años,1381.0,1373,5,3
1350,Navojoa,Mujeres,14 años,1461.0,1455,4,2
1362,Nogales,Hombres,06 años,2315.0,1039,1256,20
1363,Nogales,Hombres,07 años,2404.0,1931,456,17
1364,Nogales,Hombres,08 años,2574.0,2326,219,29
1365,Nogales,Hombres,09 años,2435.0,2328,79,28
1366,Nogales,Hombres,10 años,2707.0,2629,51,27
1367,Nogales,Hombres,11 años,2451.0,2427,18,6
1368,Nogales,Hombres,12 años,2716.0,2690,10,16
1369,Nogales,Hombres,13 años,2608.0,2592,6,10
1370,Nogales,Hombres,14 años,2511.0,2499,9,3
1372,Nogales,Mujeres,06 años,2276.0,1054,1207,15
1373,Nogales,Mujeres,07 años,2323.0,1893,406,24
1374,Nogales,Mujeres,08 años,2526.0,2336,155,35
1375,Nogales,Mujeres,09 años,2316.0,2226,61,29
1376,Nogales,Mujeres,10 años,2542.0,2487,27,28
1377,Nogales,Mujeres,11 años,2457.0,2438,14,5
1378,Nogales,Mujeres,12 años,2588.0,2571,8,9
1379,Nogales,Mujeres,13 años,2489.0,2461,5,23
1380,Nogales,Mujeres,14 años,2552.0,2533,14,5
1392,Onavas,Hombres,07 años,2.0,1,1,0
1393,Onavas,Hombres,08 años,1.0,1,0,0
1394,Onavas,Hombres,09 años,4.0,4,0,0
1395,Onavas,Hombres,10 años,4.0,4,0,0
1396,Onavas,Hombres,11 años,1.0,1,0,0
1397,Onavas,Hombres,12 años,1.0,1,0,0
1398,Onavas,Hombres,13 años,3.0,3,0,0
1399,Onavas,Hombres,14 años,3.0,3,0,0
1401,Onavas,Mujeres,06 años,2.0,1,1,0
1402,Onavas,Mujeres,07 años,1.0,1,0,0
1403,Onavas,Mujeres,08 años,2.0,2,0,0
1404,Onavas,Mujeres,09 años,1.0,1,0,0
1405,Onavas,Mujeres,10 años,3.0,3,0,0
1406,Onavas,Mujeres,11 años,4.0,4,0,0
1407,Onavas,Mujeres,12 años,2.0,2,0,0
1408,Onavas,Mujeres,13 años,8.0,8,0,0
1409,Onavas,Mujeres,14 años,3.0,3,0,0
1421,Opodepe,Hombres,06 años,13.0,6,7,0
1422,Opodepe,Hombres,07 años,21.0,14,6,1
1423,Opodepe,Hombres,08 años,20.0,17,2,1
1424,Opodepe,Hombres,09 años,27.0,26,0,1
1425,Opodepe,Hombres,10 años,24.0,24,0,0
1426,Opodepe,Hombres,11 años,40.0,40,0,0
1427,Opodepe,Hombres,12 años,21.0,20,0,1
1428,Opodepe,Hombres,13 años,23.0,23,0,0
1429,Opodepe,Hombres,14 años,26.0,26,0,0
1431,Opodepe,Mujeres,06 años,15.0,8,7,0
1432,Opodepe,Mujeres,07 años,15.0,12,3,0
1433,Opodepe,Mujeres,08 años,15.0,15,0,0
1434,Opodepe,Mujeres,09 años,22.0,22,0,0
1435,Opodepe,Mujeres,10 años,23.0,23,0,0
1436,Opodepe,Mujeres,11 años,21.0,21,0,0
1437,Opodepe,Mujeres,12 años,25.0,25,0,0
1438,Opodepe,Mujeres,13 años,16.0,16,0,0
1439,Opodepe,Mujeres,14 años,22.0,22,0,0
1451,Oquitoa,Hombres,06 años,1.0,0,1,0
1452,Oquitoa,Hombres,08 años,6.0,6,0,0
1453,Oquitoa,Hombres,10 años,2.0,2,0,0
1454,Oquitoa,Hombres,11 años,4.0,4,0,0
1455,Oquitoa,Hombres,12 años,2.0,2,0,0
1456,Oquitoa,Hombres,13 años,1.0,1,0,0
1457,Oquitoa,Hombres,14 años,4.0,4,0,0
1459,Oquitoa,Mujeres,06 años,3.0,0,3,0
1460,Oquitoa,Mujeres,07 años,5.0,5,0,0
1461,Oquitoa,Mujeres,08 años,5.0,5,0,0
1462,Oquitoa,Mujeres,09 años,4.0,4,0,0
1463,Oquitoa,Mujeres,10 años,3.0,3,0,0
1464,Oquitoa,Mujeres,11 años,4.0,4,0,0
1465,Oquitoa,Mujeres,12 años,6.0,6,0,0
1466,Oquitoa,Mujeres,13 años,6.0,6,0,0
1467,Oquitoa,Mujeres,14 años,3.0,3,0,0
1479,Pitiquito,Hombres,06 años,70.0,37,33,0
1480,Pitiquito,Hombres,07 años,72.0,62,9,1
1481,Pitiquito,Hombres,08 años,90.0,86,4,0
1482,Pitiquito,Hombres,09 años,58.0,57,1,0
1483,Pitiquito,Hombres,10 años,78.0,75,3,0
1484,Pitiquito,Hombres,11 años,76.0,76,0,0
1485,Pitiquito,Hombres,12 años,94.0,93,1,0
1486,Pitiquito,Hombres,13 años,95.0,95,0,0
1487,Pitiquito,Hombres,14 años,81.0,81,0,0
1489,Pitiquito,Mujeres,06 años,77.0,35,42,0
1490,Pitiquito,Mujeres,07 años,93.0,82,11,0
1491,Pitiquito,Mujeres,08 años,83.0,78,5,0
1492,Pitiquito,Mujeres,09 años,78.0,75,2,1
1493,Pitiquito,Mujeres,10 años,80.0,79,1,0
1494,Pitiquito,Mujeres,11 años,59.0,58,1,0
1495,Pitiquito,Mujeres,12 años,70.0,70,0,0
1496,Pitiquito,Mujeres,13 años,75.0,75,0,0
1497,Pitiquito,Mujeres,14 años,78.0,77,1,0
1509,Puerto Peñasco,Hombres,06 años,576.0,222,349,5
1510,Puerto Peñasco,Hombres,07 años,620.0,453,162,5
1511,Puerto Peñasco,Hombres,08 años,598.0,528,64,6
1512,Puerto Peñasco,Hombres,09 años,633.0,589,39,5
1513,Puerto Peñasco,Hombres,10 años,630.0,610,12,8
1514,Puerto Peñasco,Hombres,11 años,640.0,630,8,2
1515,Puerto Peñasco,Hombres,12 años,668.0,659,2,7
1516,Puerto Peñasco,Hombres,13 años,655.0,649,2,4
1517,Puerto Peñasco,Hombres,14 años,624.0,621,3,0
1519,Puerto Peñasco,Mujeres,06 años,574.0,229,341,4
1520,Puerto Peñasco,Mujeres,07 años,587.0,434,150,3
1521,Puerto Peñasco,Mujeres,08 años,617.0,567,42,8
1522,Puerto Peñasco,Mujeres,09 años,563.0,538,19,6
1523,Puerto Peñasco,Mujeres,10 años,637.0,624,11,2
1524,Puerto Peñasco,Mujeres,11 años,625.0,616,4,5
1525,Puerto Peñasco,Mujeres,12 años,632.0,628,1,3
1526,Puerto Peñasco,Mujeres,13 años,610.0,605,3,2
1527,Puerto Peñasco,Mujeres,14 años,609.0,607,1,1
1539,Quiriego,Hombres,06 años,30.0,6,23,1
1540,Quiriego,Hombres,07 años,24.0,13,11,0
1541,Quiriego,Hombres,08 años,25.0,21,3,1
1542,Quiriego,Hombres,09 años,27.0,27,0,0
1543,Quiriego,Hombres,10 años,34.0,34,0,0
1544,Quiriego,Hombres,11 años,25.0,25,0,0
1545,Quiriego,Hombres,12 años,28.0,26,2,0
1546,Quiriego,Hombres,13 años,24.0,23,1,0
1547,Quiriego,Hombres,14 años,33.0,33,0,0
1549,Quiriego,Mujeres,06 años,23.0,7,16,0
1550,Quiriego,Mujeres,07 años,34.0,20,14,0
1551,Quiriego,Mujeres,08 años,27.0,21,6,0
1552,Quiriego,Mujeres,09 años,33.0,31,2,0
1553,Quiriego,Mujeres,10 años,21.0,20,1,0
1554,Quiriego,Mujeres,11 años,32.0,31,1,0
1555,Quiriego,Mujeres,12 años,23.0,23,0,0
1556,Quiriego,Mujeres,13 años,28.0,28,0,0
1557,Quiriego,Mujeres,14 años,18.0,16,2,0
1569,Rayón,Hombres,06 años,11.0,3,8,0
1570,Rayón,Hombres,07 años,9.0,6,3,0
1571,Rayón,Hombres,08 años,14.0,13,1,0
1572,Rayón,Hombres,09 años,10.0,10,0,0
1573,Rayón,Hombres,10 años,8.0,8,0,0
1574,Rayón,Hombres,11 años,5.0,5,0,0
1575,Rayón,Hombres,12 años,9.0,9,0,0
1576,Rayón,Hombres,13 años,10.0,9,1,0
1577,Rayón,Hombres,14 años,15.0,15,0,0
1579,Rayón,Mujeres,06 años,13.0,6,7,0
1580,Rayón,Mujeres,07 años,16.0,10,6,0
1581,Rayón,Mujeres,08 años,9.0,8,1,0
1582,Rayón,Mujeres,09 años,7.0,6,1,0
1583,Rayón,Mujeres,10 años,14.0,13,1,0
1584,Rayón,Mujeres,11 años,8.0,8,0,0
1585,Rayón,Mujeres,12 años,11.0,11,0,0
1586,Rayón,Mujeres,13 años,10.0,10,0,0
1587,Rayón,Mujeres,14 años,11.0,11,0,0
1599,Rosario,Hombres,06 años,44.0,10,33,1
1600,Rosario,Hombres,07 años,40.0,23,17,0
1601,Rosario,Hombres,08 años,42.0,38,4,0
1602,Rosario,Hombres,09 años,30.0,26,3,1
1603,Rosario,Hombres,10 años,54.0,50,2,2
1604,Rosario,Hombres,11 años,54.0,53,1,0
1605,Rosario,Hombres,12 años,47.0,46,1,0
1606,Rosario,Hombres,13 años,40.0,40,0,0
1607,Rosario,Hombres,14 años,53.0,52,1,0
1609,Rosario,Mujeres,06 años,39.0,16,23,0
1610,Rosario,Mujeres,07 años,44.0,35,8,1
1611,Rosario,Mujeres,08 años,33.0,32,1,0
1612,Rosario,Mujeres,09 años,37.0,35,1,1
1613,Rosario,Mujeres,10 años,53.0,52,0,1
1614,Rosario,Mujeres,11 años,42.0,42,0,0
1615,Rosario,Mujeres,12 años,42.0,41,1,0
1616,Rosario,Mujeres,13 años,45.0,44,1,0
1617,Rosario,Mujeres,14 años,36.0,36,0,0
1629,Sahuaripa,Hombres,06 años,40.0,17,23,0
1630,Sahuaripa,Hombres,07 años,43.0,31,12,0
1631,Sahuaripa,Hombres,08 años,45.0,41,3,1
1632,Sahuaripa,Hombres,09 años,41.0,39,2,0
1633,Sahuaripa,Hombres,10 años,47.0,47,0,0
1634,Sahuaripa,Hombres,11 años,50.0,50,0,0
1635,Sahuaripa,Hombres,12 años,56.0,55,1,0
1636,Sahuaripa,Hombres,13 años,43.0,43,0,0
1637,Sahuaripa,Hombres,14 años,41.0,41,0,0
1639,Sahuaripa,Mujeres,06 años,25.0,10,15,0
1640,Sahuaripa,Mujeres,07 años,50.0,40,10,0
1641,Sahuaripa,Mujeres,08 años,41.0,39,2,0
1642,Sahuaripa,Mujeres,09 años,39.0,38,0,1
1643,Sahuaripa,Mujeres,10 años,44.0,44,0,0
1644,Sahuaripa,Mujeres,11 años,32.0,32,0,0
1645,Sahuaripa,Mujeres,12 años,39.0,39,0,0
1646,Sahuaripa,Mujeres,13 años,38.0,38,0,0
1647,Sahuaripa,Mujeres,14 años,51.0,50,1,0
1659,San Felipe de Jesús,Hombres,06 años,1.0,0,1,0
1660,San Felipe de Jesús,Hombres,07 años,2.0,1,1,0
1661,San Felipe de Jesús,Hombres,08 años,5.0,4,1,0
1662,San Felipe de Jesús,Hombres,09 años,7.0,6,1,0
1663,San Felipe de Jesús,Hombres,10 años,4.0,4,0,0
1664,San Felipe de Jesús,Hombres,11 años,11.0,11,0,0
1665,San Felipe de Jesús,Hombres,12 años,3.0,3,0,0
1666,San Felipe de Jesús,Hombres,14 años,3.0,3,0,0
1668,San Felipe de Jesús,Mujeres,06 años,2.0,0,2,0
1669,San Felipe de Jesús,Mujeres,07 años,1.0,1,0,0
1670,San Felipe de Jesús,Mujeres,09 años,1.0,1,0,0
1671,San Felipe de Jesús,Mujeres,10 años,4.0,4,0,0
1672,San Felipe de Jesús,Mujeres,11 años,3.0,3,0,0
1673,San Felipe de Jesús,Mujeres,12 años,2.0,2,0,0
1674,San Felipe de Jesús,Mujeres,13 años,2.0,2,0,0
1675,San Felipe de Jesús,Mujeres,14 años,3.0,3,0,0
1687,San Ignacio Río Muerto,Hombres,06 años,128.0,42,85,1
1688,San Ignacio Río Muerto,Hombres,07 años,144.0,79,65,0
1689,San Ignacio Río Muerto,Hombres,08 años,112.0,81,29,2
1690,San Ignacio Río Muerto,Hombres,09 años,114.0,107,7,0
1691,San Ignacio Río Muerto,Hombres,10 años,146.0,139,7,0
1692,San Ignacio Río Muerto,Hombres,11 años,134.0,133,1,0
1693,San Ignacio Río Muerto,Hombres,12 años,146.0,142,4,0
1694,San Ignacio Río Muerto,Hombres,13 años,139.0,137,2,0
1695,San Ignacio Río Muerto,Hombres,14 años,134.0,133,1,0
1697,San Ignacio Río Muerto,Mujeres,06 años,131.0,39,91,1
1698,San Ignacio Río Muerto,Mujeres,07 años,118.0,77,40,1
1699,San Ignacio Río Muerto,Mujeres,08 años,136.0,118,17,1
1700,San Ignacio Río Muerto,Mujeres,09 años,125.0,117,7,1
1701,San Ignacio Río Muerto,Mujeres,10 años,107.0,105,2,0
1702,San Ignacio Río Muerto,Mujeres,11 años,113.0,112,0,1
1703,San Ignacio Río Muerto,Mujeres,12 años,135.0,135,0,0
1704,San Ignacio Río Muerto,Mujeres,13 años,120.0,120,0,0
1705,San Ignacio Río Muerto,Mujeres,14 años,121.0,121,0,0
1717,San Javier,Hombres,06 años,4.0,3,1,0
1718,San Javier,Hombres,07 años,6.0,5,1,0
1719,San Javier,Hombres,08 años,7.0,6,1,0
1720,San Javier,Hombres,09 años,12.0,12,0,0
1721,San Javier,Hombres,10 años,4.0,4,0,0
1722,San Javier,Hombres,11 años,9.0,9,0,0
1723,San Javier,Hombres,12 años,5.0,5,0,0
1724,San Javier,Hombres,13 años,6.0,6,0,0
1725,San Javier,Hombres,14 años,5.0,5,0,0
1727,San Javier,Mujeres,06 años,8.0,2,6,0
1728,San Javier,Mujeres,07 años,4.0,4,0,0
1729,San Javier,Mujeres,08 años,9.0,9,0,0
1730,San Javier,Mujeres,09 años,8.0,7,0,1
1731,San Javier,Mujeres,10 años,3.0,3,0,0
1732,San Javier,Mujeres,11 años,4.0,4,0,0
1733,San Javier,Mujeres,12 años,10.0,10,0,0
1734,San Javier,Mujeres,13 años,4.0,4,0,0
1735,San Javier,Mujeres,14 años,3.0,3,0,0
1747,San Luis Río Colorado,Hombres,06 años,1753.0,690,1054,9
1748,San Luis Río Colorado,Hombres,07 años,1758.0,1303,445,10
1749,San Luis Río Colorado,Hombres,08 años,1785.0,1555,213,17
1750,San Luis Río Colorado,Hombres,09 años,1671.0,1577,85,9
1751,San Luis Río Colorado,Hombres,10 años,1916.0,1849,43,24
1752,San Luis Río Colorado,Hombres,11 años,1771.0,1742,25,4
1753,San Luis Río Colorado,Hombres,12 años,1886.0,1863,14,9
1754,San Luis Río Colorado,Hombres,13 años,1870.0,1840,11,19
1755,San Luis Río Colorado,Hombres,14 años,1867.0,1845,15,7
1757,San Luis Río Colorado,Mujeres,06 años,1734.0,729,989,16
1758,San Luis Río Colorado,Mujeres,07 años,1627.0,1224,393,10
1759,San Luis Río Colorado,Mujeres,08 años,1780.0,1605,159,16
1760,San Luis Río Colorado,Mujeres,09 años,1641.0,1555,67,19
1761,San Luis Río Colorado,Mujeres,10 años,1735.0,1702,20,13
1762,San Luis Río Colorado,Mujeres,11 años,1721.0,1710,7,4
1763,San Luis Río Colorado,Mujeres,12 años,1786.0,1769,7,10
1764,San Luis Río Colorado,Mujeres,13 años,1763.0,1744,6,13
1765,San Luis Río Colorado,Mujeres,14 años,1713.0,1702,5,6
1777,San Miguel de Horcasitas,Hombres,06 años,112.0,31,80,1
1778,San Miguel de Horcasitas,Hombres,07 años,103.0,56,47,0
1779,San Miguel de Horcasitas,Hombres,08 años,117.0,92,24,1
1780,San Miguel de Horcasitas,Hombres,09 años,108.0,96,11,1
1781,San Miguel de Horcasitas,Hombres,10 años,114.0,108,6,0
1782,San Miguel de Horcasitas,Hombres,11 años,93.0,89,4,0
1783,San Miguel de Horcasitas,Hombres,12 años,111.0,106,5,0
1784,San Miguel de Horcasitas,Hombres,13 años,133.0,129,4,0
1785,San Miguel de Horcasitas,Hombres,14 años,98.0,94,4,0
1787,San Miguel de Horcasitas,Mujeres,06 años,95.0,27,68,0
1788,San Miguel de Horcasitas,Mujeres,07 años,112.0,77,35,0
1789,San Miguel de Horcasitas,Mujeres,08 años,114.0,89,24,1
1790,San Miguel de Horcasitas,Mujeres,09 años,100.0,86,13,1
1791,San Miguel de Horcasitas,Mujeres,10 años,99.0,95,3,1
1792,San Miguel de Horcasitas,Mujeres,11 años,97.0,96,1,0
1793,San Miguel de Horcasitas,Mujeres,12 años,114.0,110,4,0
1794,San Miguel de Horcasitas,Mujeres,13 años,105.0,100,4,1
1795,San Miguel de Horcasitas,Mujeres,14 años,138.0,136,2,0
1807,San Pedro de la Cueva,Hombres,06 años,12.0,4,8,0
1808,San Pedro de la Cueva,Hombres,07 años,7.0,6,1,0
1809,San Pedro de la Cueva,Hombres,08 años,5.0,5,0,0
1810,San Pedro de la Cueva,Hombres,09 años,14.0,13,1,0
1811,San Pedro de la Cueva,Hombres,10 años,9.0,9,0,0
1812,San Pedro de la Cueva,Hombres,11 años,8.0,8,0,0
1813,San Pedro de la Cueva,Hombres,12 años,15.0,15,0,0
1814,San Pedro de la Cueva,Hombres,13 años,7.0,7,0,0
1815,San Pedro de la Cueva,Hombres,14 años,3.0,3,0,0
1817,San Pedro de la Cueva,Mujeres,06 años,4.0,0,4,0
1818,San Pedro de la Cueva,Mujeres,07 años,9.0,8,1,0
1819,San Pedro de la Cueva,Mujeres,08 años,10.0,10,0,0
1820,San Pedro de la Cueva,Mujeres,09 años,8.0,8,0,0
1821,San Pedro de la Cueva,Mujeres,10 años,5.0,5,0,0
1822,San Pedro de la Cueva,Mujeres,11 años,11.0,11,0,0
1823,San Pedro de la Cueva,Mujeres,12 años,9.0,9,0,0
1824,San Pedro de la Cueva,Mujeres,13 años,9.0,9,0,0
1825,San Pedro de la Cueva,Mujeres,14 años,5.0,5,0,0
1837,Santa Ana,Hombres,06 años,147.0,65,81,1
1838,Santa Ana,Hombres,07 años,133.0,105,28,0
1839,Santa Ana,Hombres,08 años,180.0,167,13,0
1840,Santa Ana,Hombres,09 años,130.0,122,8,0
1841,Santa Ana,Hombres,10 años,134.0,129,5,0
1842,Santa Ana,Hombres,11 años,152.0,150,2,0
1843,Santa Ana,Hombres,12 años,153.0,152,1,0
1844,Santa Ana,Hombres,13 años,144.0,143,1,0
1845,Santa Ana,Hombres,14 años,157.0,154,2,1
1847,Santa Ana,Mujeres,06 años,141.0,65,75,1
1848,Santa Ana,Mujeres,07 años,130.0,106,24,0
1849,Santa Ana,Mujeres,08 años,128.0,122,6,0
1850,Santa Ana,Mujeres,09 años,150.0,147,3,0
1851,Santa Ana,Mujeres,10 años,132.0,128,4,0
1852,Santa Ana,Mujeres,11 años,120.0,120,0,0
1853,Santa Ana,Mujeres,12 años,137.0,136,0,1
1854,Santa Ana,Mujeres,13 años,138.0,138,0,0
1855,Santa Ana,Mujeres,14 años,156.0,156,0,0
1867,Santa Cruz,Hombres,06 años,17.0,3,14,0
1868,Santa Cruz,Hombres,07 años,25.0,21,4,0
1869,Santa Cruz,Hombres,08 años,14.0,11,3,0
1870,Santa Cruz,Hombres,09 años,18.0,18,0,0
1871,Santa Cruz,Hombres,10 años,12.0,12,0,0
1872,Santa Cruz,Hombres,11 años,15.0,15,0,0
1873,Santa Cruz,Hombres,12 años,19.0,19,0,0
1874,Santa Cruz,Hombres,13 años,7.0,7,0,0
1875,Santa Cruz,Hombres,14 años,13.0,13,0,0
1877,Santa Cruz,Mujeres,06 años,26.0,8,18,0
1878,Santa Cruz,Mujeres,07 años,7.0,6,1,0
1879,Santa Cruz,Mujeres,08 años,17.0,17,0,0
1880,Santa Cruz,Mujeres,09 años,22.0,21,1,0
1881,Santa Cruz,Mujeres,10 años,22.0,22,0,0
1882,Santa Cruz,Mujeres,11 años,18.0,18,0,0
1883,Santa Cruz,Mujeres,12 años,22.0,22,0,0
1884,Santa Cruz,Mujeres,13 años,17.0,17,0,0
1885,Santa Cruz,Mujeres,14 años,17.0,17,0,0
1897,Sáric,Hombres,06 años,17.0,4,13,0
1898,Sáric,Hombres,07 años,18.0,8,10,0
1899,Sáric,Hombres,08 años,23.0,19,4,0
1900,Sáric,Hombres,09 años,17.0,15,2,0
1901,Sáric,Hombres,10 años,18.0,17,1,0
1902,Sáric,Hombres,11 años,19.0,19,0,0
1903,Sáric,Hombres,12 años,16.0,16,0,0
1904,Sáric,Hombres,13 años,22.0,22,0,0
1905,Sáric,Hombres,14 años,18.0,18,0,0
1907,Sáric,Mujeres,06 años,18.0,7,11,0
1908,Sáric,Mujeres,07 años,13.0,7,6,0
1909,Sáric,Mujeres,08 años,16.0,15,1,0
1910,Sáric,Mujeres,09 años,18.0,16,2,0
1911,Sáric,Mujeres,10 años,26.0,26,0,0
1912,Sáric,Mujeres,11 años,15.0,15,0,0
1913,Sáric,Mujeres,12 años,19.0,19,0,0
1914,Sáric,Mujeres,13 años,20.0,20,0,0
1915,Sáric,Mujeres,14 años,27.0,27,0,0
1927,Soyopa,Hombres,06 años,20.0,11,9,0
1928,Soyopa,Hombres,07 años,11.0,10,1,0
1929,Soyopa,Hombres,08 años,8.0,8,0,0
1930,Soyopa,Hombres,09 años,11.0,11,0,0
1931,Soyopa,Hombres,10 años,11.0,11,0,0
1932,Soyopa,Hombres,11 años,10.0,10,0,0
1933,Soyopa,Hombres,12 años,14.0,14,0,0
1934,Soyopa,Hombres,13 años,12.0,11,1,0
1935,Soyopa,Hombres,14 años,7.0,7,0,0
1937,Soyopa,Mujeres,06 años,9.0,6,3,0
1938,Soyopa,Mujeres,07 años,9.0,6,3,0
1939,Soyopa,Mujeres,08 años,7.0,6,1,0
1940,Soyopa,Mujeres,09 años,11.0,11,0,0
1941,Soyopa,Mujeres,10 años,7.0,6,1,0
1942,Soyopa,Mujeres,11 años,14.0,14,0,0
1943,Soyopa,Mujeres,12 años,14.0,14,0,0
1944,Soyopa,Mujeres,13 años,10.0,10,0,0
1945,Soyopa,Mujeres,14 años,11.0,11,0,0
1957,Suaqui Grande,Hombres,06 años,9.0,2,7,0
1958,Suaqui Grande,Hombres,07 años,6.0,6,0,0
1959,Suaqui Grande,Hombres,08 años,8.0,8,0,0
1960,Suaqui Grande,Hombres,09 años,11.0,11,0,0
1961,Suaqui Grande,Hombres,10 años,15.0,14,1,0
1962,Suaqui Grande,Hombres,11 años,8.0,8,0,0
1963,Suaqui Grande,Hombres,12 años,12.0,12,0,0
1964,Suaqui Grande,Hombres,13 años,8.0,8,0,0
1965,Suaqui Grande,Hombres,14 años,8.0,8,0,0
1967,Suaqui Grande,Mujeres,06 años,5.0,2,3,0
1968,Suaqui Grande,Mujeres,07 años,6.0,5,1,0
1969,Suaqui Grande,Mujeres,08 años,5.0,4,1,0
1970,Suaqui Grande,Mujeres,09 años,9.0,9,0,0
1971,Suaqui Grande,Mujeres,10 años,9.0,9,0,0
1972,Suaqui Grande,Mujeres,11 años,9.0,9,0,0
1973,Suaqui Grande,Mujeres,12 años,11.0,11,0,0
1974,Suaqui Grande,Mujeres,13 años,6.0,6,0,0
1975,Suaqui Grande,Mujeres,14 años,14.0,14,0,0
1987,Tepache,Hombres,06 años,1.0,1,0,0
1988,Tepache,Hombres,07 años,8.0,3,5,0
1989,Tepache,Hombres,08 años,13.0,13,0,0
1990,Tepache,Hombres,09 años,8.0,7,1,0
1991,Tepache,Hombres,10 años,15.0,15,0,0
1992,Tepache,Hombres,11 años,10.0,10,0,0
1993,Tepache,Hombres,12 años,9.0,9,0,0
1994,Tepache,Hombres,13 años,10.0,10,0,0
1995,Tepache,Hombres,14 años,10.0,10,0,0
1997,Tepache,Mujeres,06 años,8.0,6,1,1
1998,Tepache,Mujeres,07 años,8.0,6,2,0
1999,Tepache,Mujeres,08 años,2.0,2,0,0
2000,Tepache,Mujeres,09 años,7.0,7,0,0
2001,Tepache,Mujeres,10 años,8.0,7,0,1
2002,Tepache,Mujeres,11 años,8.0,8,0,0
2003,Tepache,Mujeres,12 años,13.0,13,0,0
2004,Tepache,Mujeres,13 años,9.0,9,0,0
2005,Tepache,Mujeres,14 años,8.0,8,0,0
2017,Trincheras,Hombres,06 años,12.0,7,5,0
2018,Trincheras,Hombres,07 años,17.0,14,3,0
2019,Trincheras,Hombres,08 años,9.0,9,0,0
2020,Trincheras,Hombres,09 años,13.0,12,1,0
2021,Trincheras,Hombres,10 años,15.0,15,0,0
2022,Trincheras,Hombres,11 años,9.0,9,0,0
2023,Trincheras,Hombres,12 años,13.0,13,0,0
2024,Trincheras,Hombres,13 años,11.0,10,1,0
2025,Trincheras,Hombres,14 años,12.0,12,0,0
2027,Trincheras,Mujeres,06 años,9.0,3,6,0
2028,Trincheras,Mujeres,07 años,7.0,7,0,0
2029,Trincheras,Mujeres,08 años,6.0,5,1,0
2030,Trincheras,Mujeres,09 años,9.0,9,0,0
2031,Trincheras,Mujeres,10 años,14.0,14,0,0
2032,Trincheras,Mujeres,11 años,12.0,12,0,0
2033,Trincheras,Mujeres,12 años,8.0,8,0,0
2034,Trincheras,Mujeres,13 años,18.0,18,0,0
2035,Trincheras,Mujeres,14 años,9.0,9,0,0
2047,Tubutama,Hombres,06 años,16.0,7,9,0
2048,Tubutama,Hombres,07 años,9.0,5,4,0
2049,Tubutama,Hombres,08 años,16.0,14,2,0
2050,Tubutama,Hombres,09 años,10.0,8,2,0
2051,Tubutama,Hombres,10 años,13.0,13,0,0
2052,Tubutama,Hombres,11 años,10.0,10,0,0
2053,Tubutama,Hombres,12 años,13.0,13,0,0
2054,Tubutama,Hombres,13 años,8.0,7,0,1
2055,Tubutama,Hombres,14 años,15.0,15,0,0
2057,Tubutama,Mujeres,06 años,8.0,5,3,0
2058,Tubutama,Mujeres,07 años,10.0,8,2,0
2059,Tubutama,Mujeres,08 años,9.0,9,0,0
2060,Tubutama,Mujeres,09 años,6.0,6,0,0
2061,Tubutama,Mujeres,10 años,15.0,15,0,0
2062,Tubutama,Mujeres,11 años,7.0,7,0,0
2063,Tubutama,Mujeres,12 años,13.0,13,0,0
2064,Tubutama,Mujeres,13 años,9.0,9,0,0
2065,Tubutama,Mujeres,14 años,14.0,14,0,0
2077,Ures,Hombres,06 años,55.0,20,35,0
2078,Ures,Hombres,07 años,57.0,45,12,0
2079,Ures,Hombres,08 años,49.0,45,4,0
2080,Ures,Hombres,09 años,53.0,50,3,0
2081,Ures,Hombres,10 años,70.0,70,0,0
2082,Ures,Hombres,11 años,72.0,71,1,0
2083,Ures,Hombres,12 años,74.0,73,1,0
2084,Ures,Hombres,13 años,68.0,68,0,0
2085,Ures,Hombres,14 años,69.0,69,0,0
2087,Ures,Mujeres,06 años,45.0,23,21,1
2088,Ures,Mujeres,07 años,51.0,41,10,0
2089,Ures,Mujeres,08 años,60.0,55,4,1
2090,Ures,Mujeres,09 años,61.0,59,2,0
2091,Ures,Mujeres,10 años,56.0,56,0,0
2092,Ures,Mujeres,11 años,51.0,51,0,0
2093,Ures,Mujeres,12 años,60.0,60,0,0
2094,Ures,Mujeres,13 años,66.0,66,0,0
2095,Ures,Mujeres,14 años,60.0,60,0,0
2107,Villa Hidalgo,Hombres,06 años,13.0,4,9,0
2108,Villa Hidalgo,Hombres,07 años,10.0,7,3,0
2109,Villa Hidalgo,Hombres,08 años,19.0,17,2,0
2110,Villa Hidalgo,Hombres,09 años,6.0,5,1,0
2111,Villa Hidalgo,Hombres,10 años,22.0,22,0,0
2112,Villa Hidalgo,Hombres,11 años,13.0,13,0,0
2113,Villa Hidalgo,Hombres,12 años,12.0,12,0,0
2114,Villa Hidalgo,Hombres,13 años,11.0,11,0,0
2115,Villa Hidalgo,Hombres,14 años,23.0,23,0,0
2117,Villa Hidalgo,Mujeres,06 años,8.0,5,3,0
2118,Villa Hidalgo,Mujeres,07 años,10.0,9,1,0
2119,Villa Hidalgo,Mujeres,08 años,12.0,12,0,0
2120,Villa Hidalgo,Mujeres,09 años,16.0,15,1,0
2121,Villa Hidalgo,Mujeres,10 años,9.0,9,0,0
2122,Villa Hidalgo,Mujeres,11 años,14.0,14,0,0
2123,Villa Hidalgo,Mujeres,12 años,14.0,14,0,0
2124,Villa Hidalgo,Mujeres,13 años,18.0,18,0,0
2125,Villa Hidalgo,Mujeres,14 años,13.0,13,0,0
2137,Villa Pesqueira,Hombres,06 años,12.0,3,8,1
2138,Villa Pesqueira,Hombres,07 años,9.0,9,0,0
2139,Villa Pesqueira,Hombres,08 años,7.0,6,1,0
2140,Villa Pesqueira,Hombres,09 años,4.0,4,0,0
2141,Villa Pesqueira,Hombres,10 años,8.0,8,0,0
2142,Villa Pesqueira,Hombres,11 años,6.0,6,0,0
2143,Villa Pesqueira,Hombres,12 años,9.0,9,0,0
2144,Villa Pesqueira,Hombres,13 años,11.0,11,0,0
2145,Villa Pesqueira,Hombres,14 años,10.0,10,0,0
2147,Villa Pesqueira,Mujeres,06 años,1.0,0,1,0
2148,Villa Pesqueira,Mujeres,07 años,8.0,5,3,0
2149,Villa Pesqueira,Mujeres,08 años,2.0,2,0,0
2150,Villa Pesqueira,Mujeres,09 años,8.0,8,0,0
2151,Villa Pesqueira,Mujeres,10 años,2.0,2,0,0
2152,Villa Pesqueira,Mujeres,11 años,9.0,9,0,0
2153,Villa Pesqueira,Mujeres,12 años,9.0,9,0,0
2154,Villa Pesqueira,Mujeres,13 años,6.0,6,0,0
2155,Villa Pesqueira,Mujeres,14 años,5.0,5,0,0
2167,Yécora,Hombres,06 años,45.0,18,27,0
2168,Yécora,Hombres,07 años,40.0,28,12,0
2169,Yécora,Hombres,08 años,48.0,40,7,1
2170,Yécora,Hombres,09 años,44.0,39,4,1
2171,Yécora,Hombres,10 años,42.0,40,1,1
2172,Yécora,Hombres,11 años,45.0,45,0,0
2173,Yécora,Hombres,12 años,51.0,50,1,0
2174,Yécora,Hombres,13 años,31.0,29,2,0
2175,Yécora,Hombres,14 años,51.0,51,0,0
2177,Yécora,Mujeres,06 años,45.0,20,25,0
2178,Yécora,Mujeres,07 años,39.0,30,9,0
2179,Yécora,Mujeres,08 años,41.0,35,6,0
2180,Yécora,Mujeres,09 años,35.0,30,5,0
2181,Yécora,Mujeres,10 años,51.0,48,3,0
2182,Yécora,Mujeres,11 años,48.0,46,2,0
2183,Yécora,Mujeres,12 años,43.0,43,0,0
2184,Yécora,Mujeres,13 años,48.0,47,1,0
2185,Yécora,Mujeres,14 años,57.0,54,3,0
